Datetime,Water Level (m)
2026-06-28 18:00:00,0.79684037
2026-06-28 19:00:00,0.6164906
2026-06-28 20:00:00,0.39068148
2026-06-28 21:00:00,0.18460052
2026-06-28 22:00:00,-0.0017250743
2026-06-28 23:00:00,-0.16553953
2026-06-29 00:00:00,-0.28575566
2026-06-29 01:00:00,-0.19404705
2026-06-29 02:00:00,0.19369824
2026-06-29 03:00:00,0.5585868
2026-06-29 04:00:00,0.8738402
2026-06-29 05:00:00,1.0827653
2026-06-29 06:00:00,1.1710656
2026-06-29 07:00:00,1.0923167
2026-06-29 08:00:00,0.82806456
2026-06-29 09:00:00,0.5674403
2026-06-29 10:00:00,0.34613475
2026-06-29 11:00:00,0.14996976
2026-06-29 12:00:00,-0.009649063
2026-06-29 13:00:00,-0.1098512
2026-06-29 14:00:00,-0.0010577849
2026-06-29 15:00:00,0.34471
2026-06-29 16:00:00,0.6153065
2026-06-29 17:00:00,0.80826485
2026-06-29 18:00:00,0.88884246
2026-06-29 19:00:00,0.81000054
2026-06-29 20:00:00,0.5762205
2026-06-29 21:00:00,0.34270474
2026-06-29 22:00:00,0.13229474
2026-06-29 23:00:00,-0.056420755
2026-06-30 00:00:00,-0.22002913
2026-06-30 01:00:00,-0.30366492
2026-06-30 02:00:00,-0.05942527
2026-06-30 03:00:00,0.3407224
2026-06-30 04:00:00,0.7092833
2026-06-30 05:00:00,1.0101091
2026-06-30 06:00:00,1.2023995
2026-06-30 07:00:00,1.2499435
2026-06-30 08:00:00,1.0820519
2026-06-30 09:00:00,0.7823911
2026-06-30 10:00:00,0.5287774
2026-06-30 11:00:00,0.30787545
2026-06-30 12:00:00,0.11222942
2026-06-30 13:00:00,-0.045970935
2026-06-30 14:00:00,-0.09835885
2026-06-30 15:00:00,0.21031126
2026-06-30 16:00:00,0.5525534
2026-06-30 17:00:00,0.7986569
2026-06-30 18:00:00,0.93711764
2026-06-30 19:00:00,0.9326423
2026-06-30 20:00:00,0.75587225
2026-06-30 21:00:00,0.51811725
2026-06-30 22:00:00,0.2981208
2026-06-30 23:00:00,0.09860846
2026-07-01 00:00:00,-0.08301108
2026-07-01 01:00:00,-0.22993681
2026-07-01 02:00:00,-0.24357551
2026-07-01 03:00:00,0.13211806
2026-07-01 04:00:00,0.5380496
2026-07-01 05:00:00,0.9068893
2026-07-01 06:00:00,1.1841401
2026-07-01 07:00:00,1.3228602
2026-07-01 08:00:00,1.2715305
2026-07-01 09:00:00,0.9908866
2026-07-01 10:00:00,0.70748204
2026-07-01 11:00:00,0.47136167
2026-07-01 12:00:00,0.255343
2026-07-01 13:00:00,0.07012141
2026-07-01 14:00:00,-0.067879654
2026-07-01 15:00:00,-0.044814203
2026-07-01 16:00:00,0.36612335
2026-07-01 17:00:00,0.7083934
2026-07-01 18:00:00,0.9534944
2026-07-01 19:00:00,1.0705876
2026-07-01 20:00:00,1.0128611
2026-07-01 21:00:00,0.78180975
2026-07-01 22:00:00,0.53918666
2026-07-01 23:00:00,0.3192462
2026-07-02 00:00:00,0.12052827
2026-07-02 01:00:00,-0.051185116
2026-07-02 02:00:00,-0.16187775
2026-07-02 03:00:00,-0.020772977
2026-07-02 04:00:00,0.43755016
2026-07-02 05:00:00,0.8542431
2026-07-02 06:00:00,1.2011691
2026-07-02 07:00:00,1.4219116
2026-07-02 08:00:00,1.475564
2026-07-02 09:00:00,1.2794254
2026-07-02 10:00:00,0.97518295
2026-07-02 11:00:00,0.711353
2026-07-02 12:00:00,0.47567874
2026-07-02 13:00:00,0.25903448
2026-07-02 14:00:00,0.08075359
2026-07-02 15:00:00,-0.025309682
2026-07-02 16:00:00,0.15061136
2026-07-02 17:00:00,0.5794811
2026-07-02 18:00:00,0.89449996
2026-07-02 19:00:00,1.0941491
2026-07-02 20:00:00,1.1392206
2026-07-02 21:00:00,0.97863466
2026-07-02 22:00:00,0.7144709
2026-07-02 23:00:00,0.47734076
2026-07-03 00:00:00,0.25837618
2026-07-03 01:00:00,0.06443396
2026-07-03 02:00:00,-0.099629626
2026-07-03 03:00:00,-0.17193517
2026-07-03 04:00:00,0.13593271
2026-07-03 05:00:00,0.5762777
2026-07-03 06:00:00,0.9693055
2026-07-03 07:00:00,1.2688348
2026-07-03 08:00:00,1.4266533
2026-07-03 09:00:00,1.3805269
2026-07-03 10:00:00,1.0931916
2026-07-03 11:00:00,0.80491215
2026-07-03 12:00:00,0.5574748
2026-07-03 13:00:00,0.3284698
2026-07-03 14:00:00,0.12896535
2026-07-03 15:00:00,-0.025635086
2026-07-03 16:00:00,-0.05255634
2026-07-03 17:00:00,0.31743354
2026-07-03 18:00:00,0.67705154
2026-07-03 19:00:00,0.9557546
2026-07-03 20:00:00,1.1137336
2026-07-03 21:00:00,1.0868136
2026-07-03 22:00:00,0.8638074
2026-07-03 23:00:00,0.609182
2026-07-04 00:00:00,0.38357925
2026-07-04 01:00:00,0.17415625
2026-07-04 02:00:00,-0.0041446416
2026-07-04 03:00:00,-0.13536312
2026-07-04 04:00:00,-0.08604705
2026-07-04 05:00:00,0.36329642
2026-07-04 06:00:00,0.78852516
2026-07-04 07:00:00,1.1401607
2026-07-04 08:00:00,1.3832949
2026-07-04 09:00:00,1.4579524
2026-07-04 10:00:00,1.2882646
2026-07-04 11:00:00,0.9791376
2026-07-04 12:00:00,0.71081364
2026-07-04 13:00:00,0.47520432
2026-07-04 14:00:00,0.26172087
2026-07-04 15:00:00,0.086724415
2026-07-04 16:00:00,-0.020681994
2026-07-04 17:00:00,0.12846966
2026-07-04 18:00:00,0.5500674
